rank,edge_id,street,locality,beta_mean,beta_sd,capacity_reduction_pct,observations,hotspots_explained,confidence
1,MUM-E031984,Jay Prakash Road,,0.3753,0.1941,54.3,0,,inferred
2,MUM-E023295,off Avenue 3: Lane 4,,0.3645,0.1451,53.0,0,,inferred
3,MUM-E020504,off Sion Panvel Highway,near Chunabhatti railway station,0.3632,0.1425,52.9,0,,inferred
4,MUM-E020505,off Sion Panvel Highway,near Chunabhatti railway station,0.3637,0.1437,52.9,0,,inferred
5,MUM-E020507,off Sion Panvel Highway,near Chunabhatti railway station,0.3636,0.1402,52.9,0,,inferred
6,MUM-E020508,off Sion Panvel Highway,near Chunabhatti railway station,0.3632,0.1427,52.9,0,,inferred
7,MUM-E008541,off Road No 28A,near Sion Koliwada,0.3623,0.1404,52.8,0,,inferred
8,MUM-E008544,off Road No 28A,near Sion Koliwada,0.3627,0.1423,52.8,1,,inferred
9,MUM-E008542,off Road No 28A,near Sion Koliwada,0.3622,0.1455,52.7,0,,inferred
10,MUM-E008543,off Road No 28A,near Sion Koliwada,0.3622,0.1445,52.7,0,,inferred
11,MUM-E020506,off Sion Panvel Highway,near Chunabhatti railway station,0.3616,0.1416,52.7,0,,inferred
12,MUM-E023297,off Avenue 3: Lane 4,,0.3605,0.1367,52.5,0,,inferred
13,MUM-E023296,off Avenue 3: Lane 4,,0.3591,0.1436,52.4,0,,inferred
14,MUM-E004250,off Hotel Trident Road,,0.3586,0.1467,52.3,0,,inferred
15,MUM-E004251,off Hotel Trident Road,,0.3586,0.1406,52.3,0,,inferred
16,MUM-E023298,off Avenue 3: Lane 4,,0.358,0.1442,52.2,0,,inferred
17,MUM-E000218,off Sharada Devi Road,,0.35,0.15,51.2,0,,inferred
18,MUM-E000219,off Sharada Devi Road,,0.35,0.15,51.2,0,,inferred
19,MUM-E000220,off JL Shirshekar Marg,,0.35,0.15,51.2,0,,inferred
20,MUM-E000221,off JL Shirshekar Marg,,0.35,0.15,51.2,0,,inferred
21,MUM-E000222,Bandra Bus Station (E),,0.35,0.15,51.2,0,,inferred
22,MUM-E000223,Bandra Bus Station (E),,0.35,0.15,51.2,0,,inferred
23,MUM-E000224,Bandra Bus Station (E),,0.35,0.15,51.2,0,,inferred
24,MUM-E000225,Bandra Bus Station (E),,0.35,0.15,51.2,0,,inferred
25,MUM-E000226,Bandra Bus Station (E),,0.35,0.15,51.2,0,,inferred
